eeg_id,seizure_vote,lpd_vote,gpd_vote,lrda_vote,grda_vote,other_vote
3911565283,0.16101314,0.19883978,0.2153564,0.21669804,0.014001481,0.19409116
